kept_idx,dropped_idx,similarity,kept_q,dropped_q
11,971,0.9652,"If an attacker exploits the resource leak within the `decodeFile` function, what is the resulting security impact on system availability, and which Bluetooth-based attack pattern is characterized by this same objective?","If an adversary exploits a logic error in the `decodeFile` function that results in a resource leak, what is the ultimate security impact on the system, and which Bluetooth-specific attack pattern aims to achieve this same state of resource exhaustion?"
20,956,0.9517,"How does the vulnerability identified in the decodeFile function relate to the ultimate objective of a BlueSmacking attack, and what specific weakness category facilitates this connection?","How does the vulnerability identified in the decodeFile function facilitate the same security impact as a BlueSmacking attack?"
39,1733,0.9566,"CVE-2001-0830 is a vulnerability in 6tunnel characterized by improper socket closure. Which Bluetooth-based attack pattern, identified as CAPEC-666, exploits the same underlying CWE-404 weakness to achieve a Denial of Service?","CVE-2001-0830 is a vulnerability in 6tunnel characterized by improper socket closure; which Bluetooth-based attack pattern exploits the same underlying CWE to achieve a Denial of Service (DoS) through resource exhaustion?"
39,1855,0.9512,"CVE-2001-0830 is a vulnerability in 6tunnel characterized by improper socket closure. Which Bluetooth-based attack pattern, identified as CAPEC-666, exploits the same underlying CWE-404 weakness to achieve a Denial of Service?","CVE-2001-0830 is a vulnerability in 6tunnel characterized by improper socket closure. Which Bluetooth-based attack pattern exploits the same underlying software weakness to achieve a Denial of Service (DoS) impact?"
43,520,0.9760,"When an adversary executes a BlueSmacking attack by flooding a target with oversized L2CAP packets, which security property is primarily compromised, and what specific software weakness category is typically exploited to cause the resulting resource exhaustion?","When an adversary executes a BlueSmacking attack by flooding a target with oversized L2CAP packets, which security scope is primarily compromised, and what specific software weakness category is associated with the resulting resource exhaustion?"
43,1089,0.9666,"When an adversary executes a BlueSmacking attack by flooding a target with oversized L2CAP packets, which security property is primarily compromised, and what specific software weakness category is typically exploited to cause the resulting resource exhaustion?","When an adversary executes a BlueSmacking attack by flooding a target with oversized L2CAP packets, what is the primary security impact achieved, and which specific software weakness category is fundamentally linked to the resulting state of resource exhaustion?"
43,1090,0.9544,"When an adversary executes a BlueSmacking attack by flooding a target with oversized L2CAP packets, which security property is primarily compromised, and what specific software weakness category is typically exploited to cause the resulting resource exhaustion?","An adversary executing a BlueSmacking attack aims to achieve a Denial of Service (DoS) by flooding a target with oversized L2CAP packets. What specific software weakness category is associated with the resulting resource exhaustion, and what defensive measure can ensure resources are released even during such unexpected states?"
43,1722,0.9569,"When an adversary executes a BlueSmacking attack by flooding a target with oversized L2CAP packets, which security property is primarily compromised, and what specific software weakness category is typically exploited to cause the resulting resource exhaustion?","When an adversary executes the BlueSmacking attack pattern to flood a device with oversized L2CAP packets, which security principle is primarily targeted, and what specific software weakness category is linked to the resource exhaustion that results from this attack?"
59,582,0.9505,"Given that BlueSmacking is an attack pattern designed to achieve a Denial of Service (DoS) objective, what defensive strategy used to mitigate the Direct Network Flood technique (T1498.001) can also be utilized to prevent unauthorized Data Exfiltration?","BlueSmacking is an attack pattern designed to achieve a Denial of Service (DoS) state. Which defensive mitigation strategy, recommended for countering the Direct Network Flood technique associated with such DoS objectives, is also utilized to prevent unauthorized Data Exfiltration?"
71,99,0.9688,"What common security impact is shared between the exploitation of the improper socket closure weakness in CVE-2001-0830 and the Bluetooth-based BlueSmacking attack pattern?","What primary security impact is shared between the exploitation of CVE-2001-0830, which involves improper socket closure, and the BLUESMACKING attack pattern?"
88,1566,0.9540,"Both the BlueSmacking attack pattern and the exploitation of CVE-2001-0830 result in the same primary security impact; what is this impact, and how does the exploitation of CVE-2001-0830 specifically utilize network communication endpoints to achieve it?","Both the BlueSmacking attack and the exploitation of CVE-2001-0830 result in the same primary security impact. What is this impact, and how does the specific attack pattern used against CVE-2001-0830 lead to this state by targeting network communication endpoints?"
89,1559,0.9525,"What primary security impact connects the BlueSmacking attack pattern to the vulnerability CVE-2001-0830, and what mechanism involving network sockets is used to achieve this impact in the 6tunnel software?","What common security impact is shared between the BlueSmacking attack and the exploitation of CVE-2001-0830, and what underlying mechanism involving network endpoints leads to this state in the 6tunnel vulnerability?"
100,111,0.9595,"Which vulnerability affecting 6tunnel version 0.08 results in the same primary security impact as a BlueSmacking attack, and what specific exploitation technique is used by remote attackers to achieve this state?","What specific vulnerability in the 6tunnel service results in the same primary security impact as a BlueSmacking attack, and what operational technique do remote attackers use to exploit this flaw?"
105,234,0.9514,"Considering that the BlueSmacking attack pattern is an exploitation of CWE-404, which specific vulnerability in the 6tunnel software shares this underlying weakness by failing to properly release network sockets during rapid connection cycles?","The BLUESMACKING attack pattern exploits a specific software weakness categorized under CWE-404. Which medium-severity vulnerability in the 6tunnel software is fundamentally caused by a specific manifestation of this same weakness?"
105,237,0.9509,"Considering that the BlueSmacking attack pattern is an exploitation of CWE-404, which specific vulnerability in the 6tunnel software shares this underlying weakness by failing to properly release network sockets during rapid connection cycles?","Considering that the BlueSmacking attack pattern exploits the CWE-404 weakness to cause a denial of service, which specific CVE associated with 6tunnel version 0.08 is caused by a manifestation of this same weakness through the mismanagement of network sockets?"
105,379,0.9522,"Considering that the BlueSmacking attack pattern is an exploitation of CWE-404, which specific vulnerability in the 6tunnel software shares this underlying weakness by failing to properly release network sockets during rapid connection cycles?","The BlueSmacking attack pattern is known to exploit the CWE-404 weakness. Which specific CVE, identified in the 6tunnel application, is fundamentally caused by a manifestation of this same weakness involving the failure to correctly terminate socket connections?"
105,384,0.9670,"Considering that the BlueSmacking attack pattern is an exploitation of CWE-404, which specific vulnerability in the 6tunnel software shares this underlying weakness by failing to properly release network sockets during rapid connection cycles?","The BlueSmacking attack pattern exploits the CWE-404 weakness to cause a denial of service. Which specific vulnerability in the 6tunnel software is linked to this same weakness through the failure to correctly terminate socket connections?"
105,1063,0.9646,"Considering that the BlueSmacking attack pattern is an exploitation of CWE-404, which specific vulnerability in the 6tunnel software shares this underlying weakness by failing to properly release network sockets during rapid connection cycles?","Considering that the BlueSmacking attack pattern is rooted in the CWE-404 weakness, which specific medium-severity vulnerability in 6tunnel version 0.08 is also a manifestation of this weakness and shares the same primary security impact?"
105,1324,0.9545,"Considering that the BlueSmacking attack pattern is an exploitation of CWE-404, which specific vulnerability in the 6tunnel software shares this underlying weakness by failing to properly release network sockets during rapid connection cycles?","Considering that the BlueSmacking attack pattern exploits the CWE-404 weakness, which specific CVE associated with 6tunnel version 0.08 manifests this same underlying weakness through the mismanagement of network communication endpoints?"
105,1334,0.9667,"Considering that the BlueSmacking attack pattern is an exploitation of CWE-404, which specific vulnerability in the 6tunnel software shares this underlying weakness by failing to properly release network sockets during rapid connection cycles?","Considering that the BlueSmacking attack pattern exploits the CWE-404 weakness, which specific vulnerability in the 6tunnel software is linked to this same weakness through the mismanagement of network communication endpoints?"
105,1779,0.9617,"Considering that the BlueSmacking attack pattern is an exploitation of CWE-404, which specific vulnerability in the 6tunnel software shares this underlying weakness by failing to properly release network sockets during rapid connection cycles?","BlueSmacking exploits the CWE-404 weakness to cause a denial of service. Which specific vulnerability in 6tunnel is a manifestation of this same weakness, and what network communication pattern is utilized to exploit it?"
105,1787,0.9508,"Considering that the BlueSmacking attack pattern is an exploitation of CWE-404, which specific vulnerability in the 6tunnel software shares this underlying weakness by failing to properly release network sockets during rapid connection cycles?","Which specific vulnerability in the 6tunnel service is triggered by repeated connection and disconnection cycles to exhaust network sockets, and what underlying software weakness does it share with the BlueSmacking attack pattern?"
105,1833,0.9581,"Considering that the BlueSmacking attack pattern is an exploitation of CWE-404, which specific vulnerability in the 6tunnel software shares this underlying weakness by failing to properly release network sockets during rapid connection cycles?","BlueSmacking is an attack pattern that exploits the CWE-404 weakness to cause a denial of service. Which specific vulnerability in 6tunnel version 0.08 is an instance of this same weakness, and what specific network communication endpoints does it fail to properly release during an attack?"
105,1846,0.9621,"Considering that the BlueSmacking attack pattern is an exploitation of CWE-404, which specific vulnerability in the 6tunnel software shares this underlying weakness by failing to properly release network sockets during rapid connection cycles?","The BlueSmacking attack pattern exploits the CWE-404 weakness. Which specific vulnerability in 6tunnel version 0.08 is an instance of this weakness, and what is the primary security impact of its exploitation?"
113,1530,0.9615,"What primary security objective is shared by an adversary performing a BLUESMACKING attack and an attacker exploiting the socket management flaw identified as CVE-2001-0830 in the 6tunnel application?","What primary security objective is shared by the BlueSmacking attack pattern and the exploitation of the 6tunnel vulnerability CVE-2001-0830 through rapid socket manipulation?"
123,131,0.9533,"Which vulnerability in 6tunnel version 0.08 is exploited through a technique that results in the same security impact as a BlueSmacking attack?","What specific vulnerability in 6tunnel version 0.08 shares the same primary security impact as a BlueSmacking attack, and what underlying technical weakness does it exploit to achieve this state?"
130,1527,0.9576,"Both the BlueSmacking attack pattern and the exploitation of CVE-2001-0830 aim to achieve the same primary security impact; what is this shared objective, and what specific network communication endpoint failure in 6tunnel version 0.08 leads to this state?","Both the BlueSmacking attack pattern and the exploitation of CVE-2001-0830 aim to compromise system availability through a specific security impact; what is this shared impact, and what underlying software weakness involving network communication endpoints allows an attacker to trigger it in 6tunnel version 0.08?"
130,1551,0.9696,"Both the BlueSmacking attack pattern and the exploitation of CVE-2001-0830 aim to achieve the same primary security impact; what is this shared objective, and what specific network communication endpoint failure in 6tunnel version 0.08 leads to this state?","Both the BlueSmacking attack pattern and the exploitation of CVE-2001-0830 target the same security objective; identify this objective and the specific technical weakness in 6tunnel that facilitates it by failing to release network communication endpoints."
149,1296,0.9509,"Which common software weakness, identified as the root cause for the BlueSmacking attack pattern, is also exemplified by the socket-handling flaw in CVE-2001-0830?","How does the underlying software weakness exploited by the BlueSmacking attack pattern relate to the specific technical flaw identified in CVE-2001-0830?"
158,359,0.9673,"How does the exploitation of the software weakness CWE-404 during a BlueSmacking attack lead to a state of Denial of Service (DoS)?","How does the exploitation of CWE-404 during a BlueSmacking attack lead to a Denial of Service (DoS) condition, and what specific resource management failure is responsible for this outcome?"
158,363,0.9717,"How does the exploitation of the software weakness CWE-404 during a BlueSmacking attack lead to a state of Denial of Service (DoS)?","How does the exploitation of the CWE-404 weakness during a BlueSmacking attack lead to a Denial of Service (DoS) condition on a target device?"
158,366,0.9687,"How does the exploitation of the software weakness CWE-404 during a BlueSmacking attack lead to a state of Denial of Service (DoS)?","In the context of a BlueSmacking attack, how does the exploitation of the CWE-404 weakness specifically lead to a Denial of Service (DoS) state through the mismanagement of network resources?"
158,368,0.9595,"How does the exploitation of the software weakness CWE-404 during a BlueSmacking attack lead to a state of Denial of Service (DoS)?","How does the BLUESMACKING attack pattern utilize the CWE-404 weakness to achieve a Denial of Service (DoS) condition on a target system?"
158,373,0.9781,"How does the exploitation of the software weakness CWE-404 during a BlueSmacking attack lead to a state of Denial of Service (DoS)?","How does the exploitation of the CWE-404 weakness during a BLUESMACKING attack lead to a Denial of Service (DoS) condition on a target device?"
159,173,0.9624,"Considering the vulnerability CVE-2001-0830, what is the underlying technical weakness that results in the same primary security impact as a BLUESMACKING attack?","How does the underlying technical weakness in CVE-2001-0830 result in the same primary security impact as a BlueSmacking attack?"
159,183,0.9538,"Considering the vulnerability CVE-2001-0830, what is the underlying technical weakness that results in the same primary security impact as a BLUESMACKING attack?","How does the underlying technical weakness in CVE-2001-0830 lead to the same security impact as a BlueSmacking attack, and what intermediate condition is required to achieve this state?"
165,166,0.9565,"What shared security impact is common to both the BlueSmacking attack pattern and the exploitation of CVE-2001-0830, and what specific technical condition facilitates this impact in the latter?","What primary security impact is shared by the BlueSmacking attack pattern and the vulnerability CVE-2001-0830, and what specific technical weakness in CVE-2001-0830 facilitates the resource exhaustion required to reach that state?"
165,181,0.9711,"What shared security impact is common to both the BlueSmacking attack pattern and the exploitation of CVE-2001-0830, and what specific technical condition facilitates this impact in the latter?","What primary security impact is shared by the BlueSmacking attack pattern and the exploitation of CVE-2001-0830, and what specific system state must be reached for the latter to manifest this impact?"
165,1561,0.9527,"What shared security impact is common to both the BlueSmacking attack pattern and the exploitation of CVE-2001-0830, and what specific technical condition facilitates this impact in the latter?","Both the BlueSmacking attack pattern and the exploitation of CVE-2001-0830 aim to compromise system availability through a specific security impact; what is this shared impact, and what underlying technical weakness in CVE-2001-0830 triggers the resource exhaustion necessary to achieve it?"
204,209,0.9642,"By what mechanism does a BlueSmacking attack achieve its primary security impact, and which specific MITRE ATT&CK technique describes this method of resource exhaustion?","By what mechanism does a BlueSmacking attack achieve its objective, and which specific MITRE ATT&CK technique describes this method of resource exhaustion via packet flooding?"
204,210,0.9601,"By what mechanism does a BlueSmacking attack achieve its primary security impact, and which specific MITRE ATT&CK technique describes this method of resource exhaustion?","By what mechanism does a BlueSmacking attack achieve its primary security impact, and which specific MITRE ATT&CK technique characterizes this method of resource exhaustion?"
211,1575,0.9560,"An adversary executes a BlueSmacking attack to achieve a Denial of Service (DoS) state through resource exhaustion. Which specific phase of the software development lifecycle is typically responsible for introducing the underlying weakness, such as Improper Resource Shutdown or Release, that facilitates this condition?","When an adversary executes a BlueSmacking attack to compromise system availability, they exploit a condition that leads to a Denial of Service (DoS). Which software development lifecycle phase is typically responsible for the introduction of the 'Improper Resource Shutdown or Release' weakness that facilitates such resource exhaustion?"
215,1010,0.9514,"BlueSmacking achieves a Denial of Service (DoS) by inducing resource exhaustion through L2CAP packet flooding. Which specific software weakness category, typically introduced during the implementation phase, results in a similar state of resource exhaustion by failing to free system components after use?","BlueSmacking is an attack pattern that utilizes oversized L2CAP packets to achieve a Denial of Service (DoS). Which specific software weakness category, often resulting in resource exhaustion, is exploited to compromise the system's Availability in this scenario?"
230,570,0.9598,"Given that BlueSmacking is an attack pattern that achieves a Denial of Service (DoS) through high-volume network traffic, what specific mitigation strategy and implementation mechanism are recommended to counter this direct network flood technique?","Considering that BlueSmacking is an attack pattern aimed at achieving a Denial of Service (DoS) through flooding, what specific mitigation strategy is recommended to counter this type of direct network flood, and what component of this strategy utilizes predefined conditions to block malicious traffic?"
230,573,0.9531,"Given that BlueSmacking is an attack pattern that achieves a Denial of Service (DoS) through high-volume network traffic, what specific mitigation strategy and implementation mechanism are recommended to counter this direct network flood technique?","Considering that BlueSmacking is an attack pattern designed to achieve a Denial of Service (DoS) through flooding, what defensive mitigation strategy can be implemented on endpoints to counter the associated direct network flood technique?"
235,246,0.9503,"The BlueSmacking attack pattern exploits a specific software weakness categorized under CWE-404; how does this same category of weakness manifest in the technical flaw identified as CVE-2001-0830?","What specific manifestation of the CWE-404 weakness links the BlueSmacking attack pattern to the technical flaw identified in CVE-2001-0830, and what is the resulting security impact?"
235,1260,0.9591,"The BlueSmacking attack pattern exploits a specific software weakness categorized under CWE-404; how does this same category of weakness manifest in the technical flaw identified as CVE-2001-0830?","Considering that the BLUESMACKING attack pattern exploits the CWE-404 weakness, how does this specific category of software flaw manifest in the exploitation of CVE-2001-0830?"
235,1877,0.9513,"The BlueSmacking attack pattern exploits a specific software weakness categorized under CWE-404; how does this same category of weakness manifest in the technical flaw identified as CVE-2001-0830?","The BLUESMACKING attack pattern exploits a specific software weakness categorized as CWE-404; what is the primary security impact of CVE-2001-0830, which is a known instance of this same weakness?"
236,240,0.9508,"Considering that the BlueSmacking attack pattern exploits a specific resource management weakness to achieve its objective, how does this same underlying weakness manifest in the 6tunnel vulnerability identified as CVE-2001-0830?","BlueSmacking is an attack pattern that exploits a specific software weakness to achieve a Denial of Service. Which vulnerability in 6tunnel version 0.08 shares a manifestation of this same underlying weakness, and what mechanism leads to the resulting system impact?"
236,241,0.9552,"Considering that the BlueSmacking attack pattern exploits a specific resource management weakness to achieve its objective, how does this same underlying weakness manifest in the 6tunnel vulnerability identified as CVE-2001-0830?","Considering that the BlueSmacking attack pattern exploits the CWE-404 weakness, which specific CVE identified in the 6tunnel application is caused by a manifestation of this same weakness through improper socket closure?"
236,321,0.9594,"Considering that the BlueSmacking attack pattern exploits a specific resource management weakness to achieve its objective, how does this same underlying weakness manifest in the 6tunnel vulnerability identified as CVE-2001-0830?","How does the underlying software weakness exploited by the BlueSmacking attack pattern relate to the specific vulnerability identified in 6tunnel version 0.08?"
236,334,0.9593,"Considering that the BlueSmacking attack pattern exploits a specific resource management weakness to achieve its objective, how does this same underlying weakness manifest in the 6tunnel vulnerability identified as CVE-2001-0830?","The BlueSmacking attack pattern exploits a specific software weakness categorized as CWE-404; how does this same weakness manifest in the 6tunnel version 0.08 vulnerability identified as CVE-2001-0830?"
236,380,0.9528,"Considering that the BlueSmacking attack pattern exploits a specific resource management weakness to achieve its objective, how does this same underlying weakness manifest in the 6tunnel vulnerability identified as CVE-2001-0830?","The BlueSmacking attack pattern exploits a specific software weakness categorized as CWE-404; how does this same category of weakness manifest in the vulnerability identified as CVE-2001-0830 within the 6tunnel software?"
236,834,0.9543,"Considering that the BlueSmacking attack pattern exploits a specific resource management weakness to achieve its objective, how does this same underlying weakness manifest in the 6tunnel vulnerability identified as CVE-2001-0830?","Considering that the BLUESMACKING attack pattern targets systems by exploiting the CWE-404 weakness, which specific CVE associated with the 6tunnel software is characterized by a manifestation of this same underlying resource management flaw?"
236,861,0.9539,"Considering that the BlueSmacking attack pattern exploits a specific resource management weakness to achieve its objective, how does this same underlying weakness manifest in the 6tunnel vulnerability identified as CVE-2001-0830?","Considering that the BlueSmacking attack pattern exploits the CWE-404 weakness, which specific CVE identifies a vulnerability in 6tunnel version 0.08 that is characterized by a manifestation of this same weakness?"
236,1262,0.9541,"Considering that the BlueSmacking attack pattern exploits a specific resource management weakness to achieve its objective, how does this same underlying weakness manifest in the 6tunnel vulnerability identified as CVE-2001-0830?","Given that BLUESMACKING exploits the CWE-404 weakness, which specific vulnerability in 6tunnel version 0.08 is triggered by an attack method involving the rapid creation and abandonment of the same resource type addressed by this weakness?"
236,1270,0.9694,"Considering that the BlueSmacking attack pattern exploits a specific resource management weakness to achieve its objective, how does this same underlying weakness manifest in the 6tunnel vulnerability identified as CVE-2001-0830?","How does the underlying software weakness associated with the BlueSmacking attack pattern facilitate the exploitation of the 6tunnel service vulnerability identified as CVE-2001-0830?"
236,1272,0.9570,"Considering that the BlueSmacking attack pattern exploits a specific resource management weakness to achieve its objective, how does this same underlying weakness manifest in the 6tunnel vulnerability identified as CVE-2001-0830?","Given that the BLUESMACKING attack pattern exploits the CWE-404 weakness, how does this same underlying issue manifest as a vulnerability in the 6tunnel service identified as CVE-2001-0830?"
236,1283,0.9638,"Considering that the BlueSmacking attack pattern exploits a specific resource management weakness to achieve its objective, how does this same underlying weakness manifest in the 6tunnel vulnerability identified as CVE-2001-0830?","Considering that the BlueSmacking attack pattern exploits a specific CWE related to resource management, how does this underlying weakness link to the denial-of-service vulnerability found in 6tunnel 0.08?"
236,1308,0.9569,"Considering that the BlueSmacking attack pattern exploits a specific resource management weakness to achieve its objective, how does this same underlying weakness manifest in the 6tunnel vulnerability identified as CVE-2001-0830?","Given that the BlueSmacking attack pattern exploits the CWE-404 weakness, which specific vulnerability in the 6tunnel software is triggered by an attack method that targets the same underlying resource management failure?"
236,1332,0.9594,"Considering that the BlueSmacking attack pattern exploits a specific resource management weakness to achieve its objective, how does this same underlying weakness manifest in the 6tunnel vulnerability identified as CVE-2001-0830?","Which common software weakness is exploited by the BlueSmacking attack pattern, and how does this same weakness manifest in the 6tunnel vulnerability CVE-2001-0830 to achieve a Denial of Service?"
236,1416,0.9545,"Considering that the BlueSmacking attack pattern exploits a specific resource management weakness to achieve its objective, how does this same underlying weakness manifest in the 6tunnel vulnerability identified as CVE-2001-0830?","The BLUESMACKING attack pattern exploits a specific software weakness related to resource management; which CVE identifier describes a vulnerability in 6tunnel that shares this same underlying CWE and results in a Denial of Service (DoS) through the mismanagement of network communication endpoints?"
236,1424,0.9523,"Considering that the BlueSmacking attack pattern exploits a specific resource management weakness to achieve its objective, how does this same underlying weakness manifest in the 6tunnel vulnerability identified as CVE-2001-0830?","The BlueSmacking attack pattern is categorized by its exploitation of the CWE-404 weakness; how does this weakness specifically manifest in the 6tunnel 0.08 software according to its associated CVE?"
236,1437,0.9550,"Considering that the BlueSmacking attack pattern exploits a specific resource management weakness to achieve its objective, how does this same underlying weakness manifest in the 6tunnel vulnerability identified as CVE-2001-0830?","Considering that the BLUESMACKING attack pattern exploits a specific resource management weakness, which CVE identifies a vulnerability in 6tunnel that is exploited via repeated connection and disconnection cycles targeting that same weakness?"
236,1738,0.9513,"Considering that the BlueSmacking attack pattern exploits a specific resource management weakness to achieve its objective, how does this same underlying weakness manifest in the 6tunnel vulnerability identified as CVE-2001-0830?","Given that BlueSmacking exploits a specific software weakness to cause a Denial of Service, which CVE identifies a medium-severity instance of this same weakness in 6tunnel version 0.08?"
236,1803,0.9510,"Considering that the BlueSmacking attack pattern exploits a specific resource management weakness to achieve its objective, how does this same underlying weakness manifest in the 6tunnel vulnerability identified as CVE-2001-0830?","Which common software weakness links the BlueSmacking attack pattern to the vulnerability found in 6tunnel version 0.08, and what specific resource is mismanaged to trigger the associated CVE-2001-0830?"
236,1839,0.9535,"Considering that the BlueSmacking attack pattern exploits a specific resource management weakness to achieve its objective, how does this same underlying weakness manifest in the 6tunnel vulnerability identified as CVE-2001-0830?","The BlueSmacking attack pattern exploits a specific software weakness categorized as CWE-404; how does this same weakness manifest in the 6tunnel vulnerability identified as CVE-2001-0830?"
236,1869,0.9502,"Considering that the BlueSmacking attack pattern exploits a specific resource management weakness to achieve its objective, how does this same underlying weakness manifest in the 6tunnel vulnerability identified as CVE-2001-0830?","The BLUESMACKING attack pattern exploits a specific software weakness related to resource management. Which medium-severity vulnerability in 6tunnel version 0.08 is a documented instance of this same weakness, and what is the primary security impact of its exploitation?"
238,245,0.9744,"Considering that the BlueSmacking attack pattern exploits the CWE-404 weakness, which specific CVE-identified vulnerability in 6tunnel software is caused by a manifestation of this same weakness involving the mismanagement of network communication endpoints?","Considering that the BlueSmacking attack pattern exploits the CWE-404 weakness, which specific CVE is associated with a manifestation of this same weakness involving the mismanagement of network sockets?"
238,317,0.9822,"Considering that the BlueSmacking attack pattern exploits the CWE-404 weakness, which specific CVE-identified vulnerability in 6tunnel software is caused by a manifestation of this same weakness involving the mismanagement of network communication endpoints?","Considering that the BLUESMACKING attack pattern exploits the CWE-404 weakness, which specific CVE identified in the 6tunnel software is characterized by a manifestation of this same weakness through the mismanagement of network communication endpoints?"
238,325,0.9608,"Considering that the BlueSmacking attack pattern exploits the CWE-404 weakness, which specific CVE-identified vulnerability in 6tunnel software is caused by a manifestation of this same weakness involving the mismanagement of network communication endpoints?","The BLUESMACKING attack pattern exploits a specific software weakness categorized as CWE-404. Which specific vulnerability, disclosed on December 6, 2001, shares this underlying weakness through the mismanagement of network communication endpoints?"
238,799,0.9549,"Considering that the BlueSmacking attack pattern exploits the CWE-404 weakness, which specific CVE-identified vulnerability in 6tunnel software is caused by a manifestation of this same weakness involving the mismanagement of network communication endpoints?","Given that BlueSmacking exploits the CWE-404 weakness to achieve its primary security impact, which specific CVE associated with 6tunnel version 0.08 results in the same impact through improper socket management?"
238,852,0.9580,"Considering that the BlueSmacking attack pattern exploits the CWE-404 weakness, which specific CVE-identified vulnerability in 6tunnel software is caused by a manifestation of this same weakness involving the mismanagement of network communication endpoints?","BLUESMACKING is known to exploit the CWE-404 weakness. Which specific vulnerability in 6tunnel version 0.08 is triggered by an attack technique that leverages a manifestation of this weakness involving the failure to properly terminate network communication endpoints?"
238,853,0.9689,"Considering that the BlueSmacking attack pattern exploits the CWE-404 weakness, which specific CVE-identified vulnerability in 6tunnel software is caused by a manifestation of this same weakness involving the mismanagement of network communication endpoints?","Considering that the BlueSmacking attack pattern exploits the CWE-404 weakness to cause a denial of service, which specific CVE is linked to a network utility that suffers from a manifestation of this same weakness through the mismanagement of socket connections?"
238,1284,0.9538,"Considering that the BlueSmacking attack pattern exploits the CWE-404 weakness, which specific CVE-identified vulnerability in 6tunnel software is caused by a manifestation of this same weakness involving the mismanagement of network communication endpoints?","The BlueSmacking attack pattern (CAPEC-666) is known to exploit the CWE-404 weakness. Which specific CVE, identified in the 6tunnel software, is fundamentally caused by the same improper resource management failure involving network communication endpoints?"
238,1294,0.9508,"Considering that the BlueSmacking attack pattern exploits the CWE-404 weakness, which specific CVE-identified vulnerability in 6tunnel software is caused by a manifestation of this same weakness involving the mismanagement of network communication endpoints?","The BLUESMACKING attack pattern is known to exploit a specific software weakness categorized as CWE-404. How does this weakness manifest as a technical failure in the 6tunnel vulnerability identified as CVE-2001-0830?"
238,1762,0.9623,"Considering that the BlueSmacking attack pattern exploits the CWE-404 weakness, which specific CVE-identified vulnerability in 6tunnel software is caused by a manifestation of this same weakness involving the mismanagement of network communication endpoints?","Considering that the BlueSmacking attack pattern exploits the CWE-404 weakness, which specific software version is vulnerable to a CVE that exemplifies this same weakness through the mismanagement of network sockets?"
238,1767,0.9524,"Considering that the BlueSmacking attack pattern exploits the CWE-404 weakness, which specific CVE-identified vulnerability in 6tunnel software is caused by a manifestation of this same weakness involving the mismanagement of network communication endpoints?","Considering that the BlueSmacking attack pattern exploits the CWE-404 weakness to achieve a denial of service, which specific CVE identified in 6tunnel version 0.08 is a manifestation of this same weakness, and what network communication endpoints are exhausted as a result?"
238,1774,0.9690,"Considering that the BlueSmacking attack pattern exploits the CWE-404 weakness, which specific CVE-identified vulnerability in 6tunnel software is caused by a manifestation of this same weakness involving the mismanagement of network communication endpoints?","The BlueSmacking attack pattern is known to exploit the CWE-404 weakness. Which specific CVE associated with 6tunnel version 0.08 shares this underlying weakness, and what specific technical failure does it exhibit regarding network communication endpoints?"
239,1732,0.9591,"The BlueSmacking attack pattern is known to exploit the CWE-404 weakness; what specific manifestation of this weakness is responsible for the Denial of Service (DoS) vulnerability found in 6tunnel version 0.08?","The BlueSmacking attack pattern is categorized as exploiting the CWE-404 weakness; which specific vulnerability in 6tunnel version 0.08 is an instance of this weakness and results in a Denial of Service (DoS) through resource exhaustion?"
239,1740,0.9509,"The BlueSmacking attack pattern is known to exploit the CWE-404 weakness; what specific manifestation of this weakness is responsible for the Denial of Service (DoS) vulnerability found in 6tunnel version 0.08?","Which specific vulnerability in the 6tunnel application shares the same underlying CWE-404 weakness as the BlueSmacking attack, and what condition does it induce to achieve a Denial of Service (DoS)?"
239,1748,0.9681,"The BlueSmacking attack pattern is known to exploit the CWE-404 weakness; what specific manifestation of this weakness is responsible for the Denial of Service (DoS) vulnerability found in 6tunnel version 0.08?","The BLUESMACKING attack pattern is known to exploit the CWE-404 weakness to disrupt system availability. Which specific medium-severity vulnerability in 6tunnel version 0.08 is identified as a concrete instance of this same weakness and leads to a similar Denial of Service (DoS) outcome?"
239,1753,0.9761,"The BlueSmacking attack pattern is known to exploit the CWE-404 weakness; what specific manifestation of this weakness is responsible for the Denial of Service (DoS) vulnerability found in 6tunnel version 0.08?","The BLUESMACKING attack pattern is known to exploit the CWE-404 weakness to achieve its objectives. Which specific vulnerability in 6tunnel version 0.08 is identified as a manifestation of this same weakness, potentially leading to a Denial of Service (DoS)?"
239,1852,0.9556,"The BlueSmacking attack pattern is known to exploit the CWE-404 weakness; what specific manifestation of this weakness is responsible for the Denial of Service (DoS) vulnerability found in 6tunnel version 0.08?","Given that the BlueSmacking attack pattern exploits the CWE-404 weakness, identify the specific CVE associated with this weakness in 6tunnel version 0.08 and describe the mechanism used to achieve a Denial of Service (DoS) in that context."
239,1863,0.9646,"The BlueSmacking attack pattern is known to exploit the CWE-404 weakness; what specific manifestation of this weakness is responsible for the Denial of Service (DoS) vulnerability found in 6tunnel version 0.08?","Considering that the BLUESMACKING attack pattern exploits CWE-404, which specific vulnerability in 6tunnel version 0.08 is classified as an instance of this same weakness and results in a Denial of Service (DoS)?"
242,1739,0.9760,"How does the underlying software weakness exploited by the BlueSmacking attack pattern technically manifest in the vulnerability identified as CVE-2001-0830 to achieve a Denial of Service?","How does the underlying weakness exploited by the BlueSmacking attack pattern manifest in CVE-2001-0830, and what is the technical mechanism that leads to a Denial of Service?"
244,376,0.9615,"Given that the BlueSmacking attack pattern is categorized as exploiting the CWE-404 weakness, what specific manifestation of this software flaw is identified as the root cause of the resource exhaustion in CVE-2001-0830?","Given that BlueSmacking exploits the CWE-404 weakness, what specific technical failure connects this attack pattern to the resource exhaustion mechanism that characterizes the Denial of Service in CVE-2001-0830?"
244,1319,0.9505,"Given that the BlueSmacking attack pattern is categorized as exploiting the CWE-404 weakness, what specific manifestation of this software flaw is identified as the root cause of the resource exhaustion in CVE-2001-0830?","How does the underlying software weakness exploited by the BlueSmacking attack pattern relate to the mechanism of action and resource exhaustion seen in CVE-2001-0830?"
244,1782,0.9521,"Given that the BlueSmacking attack pattern is categorized as exploiting the CWE-404 weakness, what specific manifestation of this software flaw is identified as the root cause of the resource exhaustion in CVE-2001-0830?","Considering that the BlueSmacking attack pattern exploits the CWE-404 weakness, what specific technical failure identified in CVE-2001-0830—a known instance of CWE-404—leads to the resource exhaustion that triggers a Denial of Service (DoS)?"
249,386,0.9554,"Which common software weakness is shared between the BlueSmacking attack and the 6tunnel vulnerability CVE-2001-0830, and what specific state does its exploitation induce to cause a Denial of Service?","Which common software weakness links the BlueSmacking attack pattern to the resource exhaustion vulnerability identified as CVE-2001-0830 in the 6tunnel software?"
249,1417,0.9712,"Which common software weakness is shared between the BlueSmacking attack and the 6tunnel vulnerability CVE-2001-0830, and what specific state does its exploitation induce to cause a Denial of Service?","Which common software weakness links the BlueSmacking denial-of-service attack to the 6tunnel vulnerability CVE-2001-0830, and what specific resource is mismanaged to trigger this vulnerability?"
269,276,0.9796,"Considering the skill level required for an adversary to perform a BLUESMACKING attack, what specific component of the MITRE M1037 mitigation strategy would be used to prevent that same adversary from successfully conducting data exfiltration?","Considering that an adversary capable of executing a BLUESMACKING attack typically possesses a low skill level, what specific component of the MITRE M1037 mitigation strategy would be employed to prevent that same adversary from successfully performing data exfiltration?"
313,328,0.9608,"When an attacker executes a BlueSmacking attack against a target server, what specific manifestation of the underlying CWE-404 weakness is exploited to cause resource exhaustion at the network communication endpoints?","In the context of a BlueSmacking attack, which specific manifestation of the CWE-404 weakness results in the target server's failure to release network communication endpoints?"
322,857,0.9546,"The BlueSmacking attack pattern is categorized as exploiting the CWE-404 weakness. Which specific vulnerability in 6tunnel version 0.08 is associated with this same weakness through the improper management of sockets, and what are the user interaction requirements for its exploitation?","Considering that the BlueSmacking attack pattern exploits the CWE-404 weakness, which specific vulnerability in 6tunnel version 0.08 is associated with a manifestation of this same weakness, and what is its requirement regarding user interaction?"
324,1241,0.9540,"An adversary employs an attack method involving repeated connection and disconnection to exploit the improper termination of network sockets. Which specific Common Weakness Enumeration (CWE) category does this behavior fall under, and what Bluetooth-based denial-of-service attack pattern leverages this same underlying weakness?","An adversary attempts to trigger a Denial of Service by repeatedly connecting to and disconnecting from a service to exhaust network sockets. Which Common Weakness Enumeration (CWE) identifies this failure to release resources, and which Bluetooth-specific attack pattern is also rooted in this same weakness?"
326,982,0.9510,"Considering the BlueSmacking attack pattern exploits the CWE-404 weakness, what is the qualitative severity rating of the specific 6tunnel vulnerability that shares this underlying failure to properly terminate network communication endpoints?","Considering that BlueSmacking exploits the software weakness identified as CWE-404 to achieve its objective, what is the qualitative base severity rating of the specific 6tunnel vulnerability that serves as an instance of this same weakness?"
329,854,0.9604,"Considering that the BlueSmacking attack pattern exploits the CWE-404 weakness, what is the impact score of the specific vulnerability in 6tunnel version 0.08 that is characterized by the same underlying failure to properly terminate network communication endpoints?","The BlueSmacking attack pattern exploits the CWE-404 weakness to cause a denial of service. Given that 6tunnel version 0.08 is susceptible to a specific manifestation of this same weakness, what is the impact score associated with the CVE assigned to this software vulnerability?"
329,1289,0.9693,"Considering that the BlueSmacking attack pattern exploits the CWE-404 weakness, what is the impact score of the specific vulnerability in 6tunnel version 0.08 that is characterized by the same underlying failure to properly terminate network communication endpoints?","What is the impact score of the vulnerability in 6tunnel v0.08 that shares the same underlying CWE-404 weakness exploited by the BlueSmacking attack pattern?"
332,860,0.9570,"Considering that the BlueSmacking attack pattern exploits the CWE-404 weakness, what is the CVSS vector string for CVE-2001-0830, a vulnerability that manifests this same underlying weakness through improper socket management?","Considering that the BlueSmacking attack pattern targets the CWE-404 weakness, which legacy software version is susceptible to a specific manifestation of this weakness involving socket management, and what is the CVSS vector string for the vulnerability identified as CVE-2001-0830?"
335,371,0.9547,"Considering that BlueSmacking exploits the CWE-404 weakness, what specific failure in network connection management occurs, and what is the resulting system state that causes a Denial of Service?","By exploiting the CWE-404 weakness, a BlueSmacking attack can lead to a denial of service; what specific system state is reached when this exploitation results in the failure of an application to correctly terminate its network connections?"
338,347,0.9596,"How does the BLUESMACKING attack pattern leverage the CWE-404 weakness to achieve a denial-of-service state, and what specific network-level failure facilitates this outcome?","By exploiting the CWE-404 weakness, how does a BlueSmacking attack specifically result in a denial-of-service condition through the mismanagement of network communication channels?"
338,367,0.9553,"How does the BLUESMACKING attack pattern leverage the CWE-404 weakness to achieve a denial-of-service state, and what specific network-level failure facilitates this outcome?","How does the exploitation of CWE-404 during a BLUESMACKING attack lead to a denial of service, and which security principle is primarily impacted by this chain of events?"
341,791,0.9554,"What is the current administrative status of the 6tunnel vulnerability (CVE-2001-0830) that shares the same underlying CWE-404 weakness exploited by the BlueSmacking attack pattern?","The BlueSmacking attack pattern exploits the CWE-404 weakness to achieve a specific security impact. What is the current administrative status of the 6tunnel vulnerability (CVE-2001-0830) that shares this same primary impact?"
342,344,0.9897,"How does the BLUESMACKING attack pattern leverage the CWE-404 weakness to achieve a state of resource exhaustion on a target device?","How does the BLUESMACKING attack pattern utilize the CWE-404 weakness to achieve a state of resource exhaustion on a target device?"
342,357,0.9641,"How does the BLUESMACKING attack pattern leverage the CWE-404 weakness to achieve a state of resource exhaustion on a target device?","How does the BLUESMACKING attack pattern leverage the CWE-404 weakness to achieve a Denial of Service (DoS) condition on a target device?"
342,358,0.9889,"How does the BLUESMACKING attack pattern leverage the CWE-404 weakness to achieve a state of resource exhaustion on a target device?","How does the BLUESMACKING attack pattern leverage the CWE-404 weakness to achieve a state of resource exhaustion on a target Bluetooth device?"
342,824,0.9632,"How does the BLUESMACKING attack pattern leverage the CWE-404 weakness to achieve a state of resource exhaustion on a target device?","How does the BLUESMACKING attack pattern leverage the CWE-404 weakness to impact a target's resource pool and overall availability?"
351,472,0.9523,"A BlueSmacking attack targets Bluetooth devices by flooding them with oversized L2CAP packets. Which specific CWE does this attack exploit, and how does the resulting failure to terminate socket connections affect the target's operational state?","By targeting the availability of a Bluetooth-enabled device through oversized L2CAP packet flooding, the BlueSmacking attack exploits a specific software weakness identified by which CWE ID, and what system state is reached when this weakness manifests as a failure to terminate network connections?"
354,1430,0.9540,"How does the exploitation of CWE-404 during a BLUESMACKING attack lead to a Denial of Service (DoS) state on a target Bluetooth-enabled device?","By exploiting the specific software weakness identified as CWE-404, what intermediate state does a BlueSmacking attack induce to achieve a Denial of Service (DoS) on a Bluetooth-enabled device?"
354,1442,0.9759,"How does the exploitation of CWE-404 during a BLUESMACKING attack lead to a Denial of Service (DoS) state on a target Bluetooth-enabled device?","How does the exploitation of CWE-404 via the BlueSmacking attack pattern lead to a Denial of Service (DoS) condition on a Bluetooth-enabled device?"
361,372,0.9543,"By exploiting the CWE-404 weakness, what specific technical failure does a BlueSmacking attack trigger to deplete the resource pool and achieve a Denial of Service?","How does the exploitation of CWE-404 during a BLUESMACKING attack lead to a denial-of-service condition on a Bluetooth-enabled device?"
362,369,0.9517,"When an adversary executes a BlueSmacking attack, what underlying software weakness is exploited, and how does its manifestation result in a Denial of Service (DoS) state?","Considering that the BlueSmacking attack pattern is identified as exploiting the CWE-404 weakness, what specific sequence of resource-related failures leads to the ultimate objective of a Denial of Service (DoS)?"
370,390,0.9654,"How does the exploitation of CWE-404 during a BlueSmacking attack lead to a Denial of Service (DoS) condition on a target device?","How does the BlueSmacking attack pattern leverage the CWE-404 weakness to achieve a Denial of Service (DoS) condition on a target device?"
378,688,0.9557,"Which specific CVE, identified in 6tunnel version 0.08, is fundamentally caused by the same category of software weakness (CWE-404) that is exploited by the BlueSmacking attack pattern?","Which specific CVE, identified as an instance of the CWE-404 weakness that shares its primary security impact with the BLUESMACKING attack pattern, is characterized by improper socket closure in 6tunnel version 0.08?"
378,835,0.9615,"Which specific CVE, identified in 6tunnel version 0.08, is fundamentally caused by the same category of software weakness (CWE-404) that is exploited by the BlueSmacking attack pattern?","Which specific CVE, disclosed in December 2001, targets a software version susceptible to the same CWE-404 weakness that facilitates BlueSmacking denial-of-service attacks?"
378,837,0.9666,"Which specific CVE, identified in 6tunnel version 0.08, is fundamentally caused by the same category of software weakness (CWE-404) that is exploited by the BlueSmacking attack pattern?","Which specific CVE identifies a vulnerability in 6tunnel version 0.08 that shares the same underlying CWE-404 weakness exploited by the BlueSmacking denial-of-service attack?"
378,863,0.9679,"Which specific CVE, identified in 6tunnel version 0.08, is fundamentally caused by the same category of software weakness (CWE-404) that is exploited by the BlueSmacking attack pattern?","Which CVE identifier is associated with a vulnerability in 6tunnel version 0.08 that shares the same underlying CWE-404 weakness exploited by the BlueSmacking attack pattern?"
378,1275,0.9605,"Which specific CVE, identified in 6tunnel version 0.08, is fundamentally caused by the same category of software weakness (CWE-404) that is exploited by the BlueSmacking attack pattern?","Which CVE identifier is associated with a software vulnerability that shares the same underlying CWE-404 weakness exploited by the BlueSmacking attack pattern?"
382,1796,0.9590,"Considering that the BlueSmacking attack pattern exploits the CWE-404 weakness, what specific technique is used to trigger the CVE-2001-0830 vulnerability, which shares a manifestation of this same underlying software weakness?","Considering that the BlueSmacking attack pattern exploits the CWE-404 weakness, what specific operational technique is used to trigger this same underlying vulnerability in the context of CVE-2001-0830?"
383,1830,0.9532,"The BLUESMACKING attack pattern is known to exploit the CWE-404 weakness. How does this specific weakness manifest in the 6tunnel vulnerability identified as CVE-2001-0830, and what method do remote attackers employ to trigger resource exhaustion in that context?","The BlueSmacking attack pattern is known to exploit the CWE-404 weakness. Which specific CVE associated with 6tunnel version 0.08 is an instance of this same weakness, and what specific technical failure does it cause that leads to resource exhaustion?"
406,602,0.9588,"When an adversary employs the BlueSmacking attack pattern to flood a device with oversized L2CAP packets, what specific security impact is achieved, and which CWE weakness category is associated with the failure to release the resources that causes this state?","When an adversary employs the BlueSmacking attack pattern to flood a device with oversized L2CAP packets, which security scope is primarily targeted, and which CWE weakness category is fundamentally linked to the resource exhaustion that causes this impact?"
406,629,0.9612,"When an adversary employs the BlueSmacking attack pattern to flood a device with oversized L2CAP packets, what specific security impact is achieved, and which CWE weakness category is associated with the failure to release the resources that causes this state?","When an adversary performs a BlueSmacking attack by flooding a device with oversized L2CAP packets, which security principle is directly impacted, and which CWE category describes the underlying failure to release system resources that leads to the resulting denial of service?"
410,1810,0.9786,"By what mechanism does the BlueSmacking attack pattern, classified under MITRE ATT&CK sub-technique T1498.001, enable an adversary to compromise a system's availability?","By what mechanism does the BLUESMACKING attack pattern, categorized under MITRE ATT&CK sub-technique T1498.001, achieve its primary objective of compromising system availability?"
411,438,0.9633,"By what mechanism does the MITRE ATT&CK sub-technique associated with the BlueSmacking attack pattern achieve its objective of system unavailability?","Considering the attack pattern BLUESMACKING, which MITRE ATT&CK sub-technique does it map to, and what is the fundamental mechanism through which this technique achieves its objective of system unavailability?"
415,469,0.9581,"BlueSmacking is a Bluetooth-based DoS attack mapped to a specific MITRE ATT&CK sub-technique. What category of network protocols is typically leveraged by this sub-technique for high-volume flooding, and which specific protocol, other than ICMP, is a common example within this category?","BlueSmacking is a Bluetooth-based DoS attack mapped to a specific MITRE ATT&CK sub-technique. What category of network protocols, which also includes ICMP, is typically utilized by adversaries to execute the broader network flooding technique associated with this sub-technique?"
432,1819,0.9535,"An adversary utilizes oversized L2CAP packets to flood a Bluetooth-enabled device, a method known as BlueSmacking. What is the corresponding MITRE ATT&CK sub-technique identifier for this action, and what is the ultimate security impact on the targeted resource?","An adversary initiates a BLUESMACKING attack by flooding a Bluetooth-enabled device with oversized L2CAP packets. Within the context of the MITRE ATT&CK framework, what specific sub-technique does this represent, and what is the primary mechanism by which it achieves its security impact?"
475,1854,0.9562,"The BLUESMACKING attack pattern primarily targets the availability of a system by flooding it with oversized L2CAP packets. Which CVE identifier describes a vulnerability in 6tunnel that compromises this same security scope through a specific manifestation of the CWE-404 weakness?","Which specific CVE identifies a vulnerability in 6tunnel version 0.08 that shares the same underlying CWE-404 weakness exploited by the BLUESMACKING attack pattern?"
503,957,0.9551,"If a failure in the checkChecksum function triggers an early return that bypasses resource cleanup, what specific software weakness is manifested, and how does its primary security impact relate to the objective of a BlueSmacking attack?","If a failure in the checkChecksum validation function leads to an early return that bypasses resource cleanup, what specific software weakness is triggered, and what security impact does this share with a BlueSmacking attack?"
527,1677,0.9630,"When an adversary utilizes the BlueSmacking attack pattern to flood a device with oversized L2CAP packets, which software weakness category is being exploited to cause resource exhaustion, and what specific MITRE ATT&CK technique is associated with this method of achieving a Denial of Service?","When an adversary executes a BlueSmacking attack by flooding a target with oversized L2CAP packets, which MITRE ATT&CK technique is being utilized, and what underlying software weakness category is associated with the resulting system state?"
527,1695,0.9542,"When an adversary utilizes the BlueSmacking attack pattern to flood a device with oversized L2CAP packets, which software weakness category is being exploited to cause resource exhaustion, and what specific MITRE ATT&CK technique is associated with this method of achieving a Denial of Service?","An adversary executes a BlueSmacking attack by flooding a target with oversized L2CAP packets. Which MITRE ATT&CK technique is being utilized in this scenario, and what underlying software weakness category is associated with the resulting denial of service?"
528,1018,0.9649,"An adversary utilizes the BLUESMACKING attack pattern to compromise the security scope of Availability. Which MITRE ATT&CK sub-technique identifier corresponds to the broader tactical method of flooding a target with traffic to achieve this specific Denial of Service (DoS) impact?","An adversary performs a BLUESMACKING attack by flooding a target with oversized L2CAP packets to compromise its availability. Which MITRE ATT&CK sub-technique identifier is assigned to this method of direct network flooding used to achieve a Denial of Service (DoS)?"
627,1585,0.9582,"How does the software weakness identified in the `decodeFile` function relate to the security scope impacted by a BlueSmacking attack?","How does the software weakness identified in the DECODEFILE function relate to the primary security scope targeted by a BlueSmacking attack?"
630,1669,0.9642,"By what mechanism does a BlueSmacking attack achieve a Denial of Service (DoS) condition, and which MITRE ATT&CK technique describes this method of overwhelming a target with traffic?","By what mechanism does an adversary utilizing the BlueSmacking attack pattern induce a Denial of Service (DoS) state, and which MITRE ATT&CK technique describes this method of flooding a target?"
632,655,0.9599,"When an adversary executes a BLUESMACKING attack by flooding a target with oversized L2CAP packets, which primary security scope is compromised, and what specific state of resource depletion must be reached to achieve the intended Denial of Service (DoS) impact?","When an adversary utilizes the BLUESMACKING attack pattern to flood a device with oversized L2CAP packets, which security scope is primarily targeted, and what specific system state is induced to achieve a Denial of Service (DoS)?"
637,647,0.9501,"By flooding a target with oversized L2CAP packets, the BlueSmacking attack pattern aims to compromise a specific security scope; how does this impact relate to the system state typically caused by CWE-404?","How does the BlueSmacking attack pattern, which utilizes oversized L2CAP packets, relate to the CWE-404 weakness category, and what is the resulting impact on the targeted system's security posture?"
641,833,0.9564,"When an adversary executes a BlueSmacking attack to compromise a device's availability, what is the technical progression from the initial packet flooding to the final Denial of Service (DoS) state in terms of resource management?","In the context of a BlueSmacking attack, how does the failure to properly manage system resources lead to a state of Denial of Service (DoS)?"
672,962,0.9689,"Considering the logic error in the `decodeFile` function that leads to a resource leak, what is the resulting security weakness category, and what common security impact does it share with the BlueSmacking attack pattern?","The decodeFile function exhibits a logic error that prevents the release of file handles, leading to a resource leak. Which security impact does this vulnerability share with the BlueSmacking attack pattern, and what is the formal name of the weakness category associated with this failure to release resources?"
696,701,0.9514,"When an adversary utilizes a 'Repeated Connection and Disconnection' method to target the allocation of network sockets, which specific CWE identifier is associated with this failure to release resources, and what security scope is ultimately compromised if this weakness is exploited by a BlueSmacking attack?","If an adversary exploits a system by repeatedly connecting and disconnecting to exhaust network sockets, which CWE identifier is assigned to this underlying weakness, and what security scope does it compromise that is also the primary target of a BlueSmacking attack?"
784,1816,0.9658,"Given that BlueSmacking is an attack pattern mapped to MITRE ATT&CK sub-technique T1498.001, what is the primary security impact of this technique, and which software weakness category characterizes the failure in the resource management lifecycle that leads to this impact?","Given that BLUESMACKING is an attack pattern mapped to MITRE ATT&CK technique T1498.001, what is the ultimate security impact of this technique, and which software weakness category is fundamentally associated with the failure to release resources during such an event?"
802,1432,0.9738,"What is the ultimate security impact on a Bluetooth-enabled device when an adversary exploits the CWE-404 weakness via a BlueSmacking attack?","What is the ultimate security impact on a Bluetooth-enabled device when an adversary exploits the CWE-404 weakness via a BlueSmacking attack?"
802,1447,0.9579,"What is the ultimate security impact on a Bluetooth-enabled device when an adversary exploits the CWE-404 weakness via a BlueSmacking attack?","By exploiting the specific software weakness identified as CWE-404, what ultimate security impact does a BlueSmacking attack achieve on a target Bluetooth-enabled device?"
808,819,0.9555,"The BlueSmacking attack pattern is known to exploit a specific software weakness to compromise a system's availability. Identify the CWE identifier associated with this attack and describe the formal weakness it represents that leads to a Denial of Service (DoS) condition.","Which specific software weakness identifier is associated with the BLUESMACKING attack, and how does the exploitation of this weakness result in a Denial of Service (DoS) condition?"
808,1452,0.9538,"The BlueSmacking attack pattern is known to exploit a specific software weakness to compromise a system's availability. Identify the CWE identifier associated with this attack and describe the formal weakness it represents that leads to a Denial of Service (DoS) condition.","Which specific software weakness does the BlueSmacking attack pattern exploit, and what is the resulting system condition that leads to a Denial of Service (DoS)?"
820,827,0.9524,"Which specific software weakness does the BLUESMACKING attack pattern exploit, and what is the resulting security impact that links it to the tactical goals of adversaries using Direct Network Flooding?","Which underlying software weakness is exploited by the BlueSmacking attack pattern, and what shared security impact does this exploitation have with a T1498.001 Direct Network Flood?"
839,1794,0.9550,"Which CVE identifier is associated with a network utility vulnerability that shares the same underlying CWE category exploited by the BLUESMACKING attack pattern?","Which specific CVE identifier is associated with a vulnerability in 6tunnel version 0.08 that shares the same underlying CWE-404 weakness exploited by the BlueSmacking attack pattern?"
845,1376,0.9570,"If an adversary utilizes the BLUESMACKING attack pattern to flood a Bluetooth-enabled device with oversized L2CAP packets, which specific software weakness identifier is being exploited and what is the resulting security impact on the targeted system?","When an adversary utilizes oversized L2CAP packets to flood a Bluetooth-enabled device, resulting in a Denial of Service (DoS), which industry-standard weakness identifier is associated with the underlying failure to properly release system resources?"
851,1314,0.9597,"BlueSmacking exploits the CWE-404 weakness to cause a denial of service. Given that 6tunnel 0.08 and earlier versions are susceptible to a specific manifestation of this same weakness, what is the exploitability score of the CVE associated with this software vulnerability?","Considering that BlueSmacking exploits the CWE-404 weakness, what is the exploitability score of the specific CVE in 6tunnel 0.08 that leverages this same weakness through the improper handling of sockets during repeated connection cycles?"
856,1295,0.9527,"Which common software weakness links the BlueSmacking attack pattern to the vulnerability CVE-2001-0830 found in 6tunnel 0.08, and what specific exploitation technique is used to trigger this vulnerability?","Which specific vulnerability in 6tunnel version 0.08 is fundamentally caused by the same software weakness exploited by the BlueSmacking attack pattern?"
856,1798,0.9559,"Which common software weakness links the BlueSmacking attack pattern to the vulnerability CVE-2001-0830 found in 6tunnel 0.08, and what specific exploitation technique is used to trigger this vulnerability?","Which specific vulnerability in 6tunnel version 0.08 is triggered by the same underlying software weakness exploited by BlueSmacking, specifically through the rapid creation and abandonment of network communication endpoints?"
859,1801,0.9851,"Considering that the BlueSmacking attack pattern exploits the CWE-404 weakness, what is the CVSS vector string for the specific vulnerability in 6tunnel 0.08 that manifests as a sub-type of this same resource management weakness?","Considering that the BlueSmacking attack pattern exploits the CWE-404 weakness, what is the CVSS vector string for the specific vulnerability in 6tunnel version 0.08 that is triggered by the same underlying resource management failure?"
859,1805,0.9589,"Considering that the BlueSmacking attack pattern exploits the CWE-404 weakness, what is the CVSS vector string for the specific vulnerability in 6tunnel 0.08 that manifests as a sub-type of this same resource management weakness?","What is the CVSS vector string for the vulnerability in 6tunnel version 0.08 that is characterized by the same underlying software weakness exploited by the BlueSmacking attack pattern?"
862,1309,0.9634,"Which specific software weakness links the exploitation of CVE-2001-0830 in 6tunnel 0.08 via repeated connection cycles to the Bluetooth-based denial-of-service attack known as BlueSmacking?","Which common software weakness links the remote exploitation of CVE-2001-0830 in 6tunnel to the Bluetooth-based BlueSmacking attack?"
862,1844,0.9616,"Which specific software weakness links the exploitation of CVE-2001-0830 in 6tunnel 0.08 via repeated connection cycles to the Bluetooth-based denial-of-service attack known as BlueSmacking?","Which common software weakness, characterized by the failure to properly release system resources, links the 6tunnel vulnerability (CVE-2001-0830) to the Bluetooth-based BlueSmacking attack pattern?"
945,1019,0.9519,"By what mechanism does a BlueSmacking attack achieve its objective of Denial of Service (DoS) in the context of system resource management and specific software weaknesses?","When an adversary executes a BlueSmacking attack, what underlying software weakness is exploited to achieve a Denial of Service (DoS), and how does this impact the system's security principles?"
977,1750,0.9501,"Considering that BlueSmacking is an attack pattern designed to achieve a Denial of Service (DoS) impact, which specific vulnerability in the 6tunnel software shares the same underlying CWE-404 weakness that facilitates this impact through resource exhaustion?","BlueSmacking is an attack pattern that exploits the CWE-404 weakness. Which specific vulnerability in 6tunnel version 0.08 is categorized as an instance of this weakness, and what is the primary security impact resulting from its exploitation?"
977,1752,0.9530,"Considering that BlueSmacking is an attack pattern designed to achieve a Denial of Service (DoS) impact, which specific vulnerability in the 6tunnel software shares the same underlying CWE-404 weakness that facilitates this impact through resource exhaustion?","Considering that BlueSmacking exploits the CWE-404 weakness, which specific vulnerability in 6tunnel version 0.08 is categorized under this same weakness, and what is the ultimate impact on the target system's availability?"
989,1772,0.9598,"The BlueSmacking attack pattern (CAPEC-666) is primarily used to achieve a Denial of Service (DoS) impact; which specific vulnerability in the 6tunnel application is classified under the same underlying software weakness category that facilitates this objective?","The BlueSmacking attack pattern (CAPEC-666) exploits a specific software weakness to achieve a denial of service; which CVE associated with the 6tunnel application is classified under this same weakness, and what specific network resource does it fail to release?"
993,1006,0.9517,"If an adversary executes a BlueSmacking attack to achieve a Denial of Service (DoS) impact, which specific industry-standard weakness identifier is associated with the failure to properly release network communication endpoints on the target server?","Which industry-standard software weakness identifier is associated with the Denial of Service (DoS) impact caused by BlueSmacking, and which specific network communication resources does this weakness fail to properly terminate?"
1003,1204,0.9588,"BlueSmacking is an attack pattern that exploits a specific software weakness to achieve a Denial of Service (DoS). What is the industry identifier for this underlying weakness, and which specific network resource is improperly handled in CVE-2001-0830, a vulnerability that serves as a concrete instance of this same weakness?","The BlueSmacking attack exploits a specific software weakness to achieve a Denial of Service (DoS). What is the formal name of this weakness, and how does it link the BlueSmacking attack pattern to the network-based vulnerability CVE-2001-0830?"
1011,1169,0.9545,"When an adversary employs the BlueSmacking attack pattern to induce a Denial of Service (DoS), which specific software weakness category is exploited to cause resource exhaustion and compromise the security scope of Availability?","When an adversary executes a BlueSmacking attack to compromise system availability via L2CAP packet flooding, which software weakness category is linked to the resulting Denial of Service (DoS) state, and what specific condition of resource depletion can arise from this weakness?"
1020,1582,0.9555,"Given that BlueSmacking utilizes oversized L2CAP packets to achieve a Denial of Service (DoS), which specific CWE weakness category is leveraged to cause the resulting resource exhaustion, and what is the primary security scope impacted?","If an attacker utilizes the BlueSmacking pattern to flood a device with oversized L2CAP packets, which security scope is primarily impacted, and what software weakness (CWE) is associated with the failure to release resources that leads to the resulting Denial of Service?"
1055,1078,0.9553,"An adversary utilizes the BlueSmacking attack pattern to flood a Bluetooth-enabled device with oversized L2CAP packets. Based on the classification of this activity, which MITRE ATT&CK technique is being executed, and what is the resulting impact on the target's security posture?","An adversary executes the BlueSmacking attack pattern by flooding a target with oversized L2CAP packets. Which MITRE ATT&CK technique does this adversary employ, and what is the primary security impact intended by this action?"
1055,1667,0.9601,"An adversary utilizes the BlueSmacking attack pattern to flood a Bluetooth-enabled device with oversized L2CAP packets. Based on the classification of this activity, which MITRE ATT&CK technique is being executed, and what is the resulting impact on the target's security posture?","When an adversary utilizes the BlueSmacking attack pattern to flood a Bluetooth-enabled device with oversized L2CAP packets, which specific MITRE ATT&CK technique is being leveraged, and what is the primary security impact on the targeted system?"
1068,1552,0.9574,"Both the BlueSmacking attack pattern and the exploitation of CVE-2001-0830 aim to achieve the same security impact; what is this impact, and what specific resource mismanagement leads to it in the 6tunnel vulnerability?","Both the BlueSmacking attack pattern and the exploitation of CVE-2001-0830 result in the same primary security impact; what is this impact, and what specific network communication endpoints are mismanaged on a server to cause this state when exploiting the 6tunnel vulnerability?"
1084,1095,0.9552,"When an adversary executes a BlueSmacking attack to flood a Bluetooth device with oversized L2CAP packets, which MITRE ATT&CK technique is being employed, and what is the ultimate consequence for the software's stability based on the underlying CWE weakness?","Considering that an adversary uses BlueSmacking to flood Bluetooth-enabled devices with oversized L2CAP packets, which MITRE ATT&CK technique is being executed, and what specific CWE-identified weakness is associated with the resulting denial of service?"
1134,1193,0.9502,"Which Bluetooth-specific attack pattern, categorized under CAPEC-666, exploits the same fundamental software weakness as CVE-2001-0830 to compromise system availability?","Which Bluetooth-specific attack pattern, categorized under CAPEC-666, leverages the same fundamental software weakness (CWE-404) as the 6tunnel vulnerability CVE-2001-0830 to compromise system availability?"
1134,1859,0.9645,"Which Bluetooth-specific attack pattern, categorized under CAPEC-666, exploits the same fundamental software weakness as CVE-2001-0830 to compromise system availability?","Which Bluetooth-specific attack pattern, categorized as CAPEC-666, exploits the same fundamental software weakness that characterizes the 6tunnel vulnerability CVE-2001-0830?"
1142,1528,0.9513,"How does the security impact of a remote attacker exploiting the socket-handling vulnerability in 6tunnel (CVE-2001-0830) relate to the objective of a BlueSmacking attack, and what specific security scope is primarily compromised by both?","If a remote attacker exploits the improper socket management vulnerability in 6tunnel (CVE-2001-0830) to exhaust system resources, which specific security impact do they achieve that is also the primary objective of a BLUESMACKING attack?"
1173,1716,0.9504,"An adversary performs a BLUESMACKING attack by flooding a target with oversized L2CAP packets to impact its availability. Which MITRE ATT&CK technique does this represent, and what specific software weakness (CWE) is associated with the resource exhaustion that causes the resulting software reliability problems?","An adversary performing a BlueSmacking attack by flooding a device with oversized L2CAP packets is executing a specific MITRE ATT&CK technique; what is this technique, and what CWE-identified weakness is responsible for the subsequent software reliability problems caused by the depletion of system resources?"
1202,1853,0.9564,"CVE-2001-0830 is a vulnerability characterized by improper socket closure leading to resource exhaustion. Which CWE identifier is assigned to this weakness, and what specific Bluetooth-based attack pattern exploits this same underlying software flaw to achieve a Denial of Service?","CVE-2001-0830 is a vulnerability in 6tunnel characterized by improper socket closure. Which Bluetooth-based attack pattern exploits the same underlying CWE to achieve a Denial of Service (DoS) via resource exhaustion?"
1222,1785,0.9581,"Given that the BlueSmacking attack exploits the CWE-404 weakness, what is the specific technical failure associated with this weakness, and how does it result in the same security impact as CVE-2001-0830?","The BlueSmacking attack pattern exploits the CWE-404 weakness. Given that CVE-2001-0830 is a specific instance of this weakness, what technical failure does it exhibit, and how does this failure impact the availability of long-lived processes?"
1257,1263,0.9508,"In the context of a BlueSmacking attack, how does the exploitation of the CWE-404 weakness specifically lead to a Denial of Service (DoS) condition?","How does the exploitation of the CWE-404 weakness during a BlueSmacking attack result in a Denial of Service (DoS) by affecting the system's resource pool?"
1258,1280,0.9668,"Which specific software weakness does the BlueSmacking attack pattern exploit, and what is the resulting impact on the target server's network communication endpoints?","Which specific software weakness does the BlueSmacking attack pattern exploit, and what type of network communication endpoints are consequently left unreleased on the target server?"
1264,1268,0.9675,"Which specific software weakness does the BlueSmacking attack pattern exploit, and what method involving network communication endpoints is used to trigger the resulting Denial of Service?","Which specific software weakness does the BlueSmacking attack pattern exploit, and what method of manipulating network sockets is employed to trigger this weakness and achieve a Denial of Service?"
1265,1293,0.9575,"Which specific software weakness is exploited by the BlueSmacking attack pattern, and what is the resulting security impact when an attacker repeatedly connects and disconnects network sockets without proper termination?","Which specific software weakness is exploited by the BlueSmacking attack pattern, and what type of network communication endpoints are typically exhausted when an adversary leverages this same weakness through a repeated connection and disconnection strategy?"
1279,1292,0.9571,"Which specific vulnerability in the 6tunnel software is fundamentally caused by the same category of resource management weakness exploited by the BlueSmacking attack pattern?","BlueSmacking exploits a specific software weakness related to resource management; which vulnerability in 6tunnel version 0.08 is triggered by an attack pattern that targets the same resource type associated with this weakness?"
1279,1322,0.9729,"Which specific vulnerability in the 6tunnel software is fundamentally caused by the same category of resource management weakness exploited by the BlueSmacking attack pattern?","The BlueSmacking attack pattern is known to exploit a specific software weakness related to resource management. Which vulnerability in the 6tunnel software, developed by the 6tunnel_project, is characterized by this same weakness involving the improper handling of network sockets?"
1279,1795,0.9806,"Which specific vulnerability in the 6tunnel software is fundamentally caused by the same category of resource management weakness exploited by the BlueSmacking attack pattern?","Which specific vulnerability in the 6tunnel software is linked to the same underlying resource management weakness exploited by the BlueSmacking attack pattern?"
1279,1875,0.9517,"Which specific vulnerability in the 6tunnel software is fundamentally caused by the same category of resource management weakness exploited by the BlueSmacking attack pattern?","Which specific vulnerability affecting 6tunnel version 0.08 shares the same underlying CWE-404 weakness exploited by the BLUESMACKING attack pattern to achieve a Denial of Service?"
1290,1297,0.9520,"The BlueSmacking attack pattern is known to exploit the CWE-404 weakness. Which specific CVE, characterized by the improper closure of network communication endpoints, shares this underlying weakness and what is its associated CVSS vector string?","The BlueSmacking attack pattern is known to exploit the CWE-404 weakness regarding improper resource release. Which CVSS vector string describes the risk profile of the 6tunnel vulnerability that stems from the improper closure of the specific network communication endpoints associated with this weakness?"
1299,1823,0.9540,"Which specific vulnerability, exploitable through a repeated connection and disconnection attack method, is fundamentally caused by the same CWE-404 weakness that is exploited by the BlueSmacking attack pattern?","Which specific vulnerability, exploitable via rapid connection and disconnection cycles to cause resource exhaustion, shares the same underlying CWE-404 weakness as the BlueSmacking attack pattern?"
1300,1736,0.9611,"Which specific vulnerability affecting 6tunnel version 0.08 shares the same underlying CWE-404 weakness exploited by the BlueSmacking attack, and what mechanism is used to trigger this vulnerability?","Which specific vulnerability in 6tunnel version 0.08 shares the same underlying CWE-404 weakness exploited by the BlueSmacking attack, and what is the primary mechanism by which it compromises system availability?"
1300,1784,0.9527,"Which specific vulnerability affecting 6tunnel version 0.08 shares the same underlying CWE-404 weakness exploited by the BlueSmacking attack, and what mechanism is used to trigger this vulnerability?","Which specific vulnerability in 6tunnel version 0.08 is exploited through a 'Repeated Connection and Disconnection' pattern, and what underlying CWE does it share with the BlueSmacking attack?"
1300,1828,0.9554,"Which specific vulnerability affecting 6tunnel version 0.08 shares the same underlying CWE-404 weakness exploited by the BlueSmacking attack, and what mechanism is used to trigger this vulnerability?","Which specific medium-severity vulnerability in 6tunnel shares the same underlying CWE-404 weakness as the BlueSmacking attack, and what specific network interaction technique is used to exploit it?"
1307,1768,0.9534,"Which specific vulnerability in 6tunnel version 0.08 is exploited through a repeated connection and disconnection pattern that targets the same resource type—sockets—associated with the CWE-404 weakness exploited by BlueSmacking?","Which specific medium-severity vulnerability in 6tunnel version 0.08 shares the same underlying CWE-404 weakness exploited by the BlueSmacking attack pattern and is characterized by the failure to properly terminate network communication endpoints during repeated connection cycles?"
1310,1793,0.9608,"BlueSmacking exploits the CWE-404 weakness, which pertains to the improper release of network sockets. Given that an attack pattern involving repeated connection and disconnection targets these same resources to trigger a specific vulnerability in 6tunnel, what is the current administrative status of that vulnerability?","BlueSmacking exploits the CWE-404 weakness involving improper resource release. Given that this same weakness is triggered by repeatedly connecting and disconnecting to exhaust network sockets in a specific vulnerability identified in 6tunnel 0.08, what is the current administrative status of that vulnerability?"
1317,1765,0.9560,"The BlueSmacking attack pattern exploits the CWE-404 weakness; how does this same category of vulnerability manifest in the exploitation of CVE-2001-0830, and what specific network resource is affected?","The BlueSmacking attack pattern exploits the CWE-404 weakness to cause a denial of service. Which specific CVE, identified in 6tunnel version 0.08, is a manifestation of this same weakness, and what specific network resource does it fail to properly release?"
1317,1884,0.9638,"The BlueSmacking attack pattern exploits the CWE-404 weakness; how does this same category of vulnerability manifest in the exploitation of CVE-2001-0830, and what specific network resource is affected?","The BlueSmacking attack pattern is known to exploit the CWE-404 weakness. Which specific CVE is identified as an instance of this weakness in 6tunnel version 0.08, and what condition does it trigger to achieve its security impact?"
1321,1327,0.9566,"Which specific vulnerability in 6tunnel version 0.08 is linked to the same underlying software weakness exploited by BlueSmacking, and what method do remote attackers use to trigger this flaw?","Which specific vulnerability in the 6tunnel software shares the same underlying CWE as the BlueSmacking attack, and what technique do remote attackers employ to exploit this flaw?"
1321,1797,0.9807,"Which specific vulnerability in 6tunnel version 0.08 is linked to the same underlying software weakness exploited by BlueSmacking, and what method do remote attackers use to trigger this flaw?","Which specific vulnerability in 6tunnel version 0.08 is linked to the same underlying software weakness exploited by the BlueSmacking attack pattern, and what mechanism do remote attackers use to trigger this flaw?"
1328,1827,0.9591,"The BlueSmacking attack pattern exploits the CWE-404 weakness related to improper resource release. Which specific software and version range is associated with CVE-2001-0830, a vulnerability that shares this underlying weakness by failing to properly terminate socket connections?","Considering that the BLUESMACKING attack pattern exploits the CWE-404 weakness to cause a denial of service, which specific software tool and version range are associated with a CVE that represents a concrete instance of this same weakness due to improper socket management?"
1386,1406,0.9560,"If a software component like the `decodeFile` function fails to release file handles during error-handling paths, what specific CWE category does this represent, and how does the resulting system state align with the primary objective of a BlueSmacking attack?","If a software component like the decodeFile function fails to release a file handle during an error path, what formal CWE category does this represent, and what primary security impact does this condition share with a BlueSmacking attack?"
1387,1398,0.9507,"The `decodeFile` function exhibits a logic error where it fails to release a file handle upon a checksum failure. What is the formal CWE classification for this weakness, and what shared security impact does its exploitation have with a BlueSmacking attack?","If the `decodeFile` function fails to release file handles upon a checksum error, what is the formal CWE classification for this vulnerability, and what primary security impact does it share with the BlueSmacking attack pattern?"
1421,1783,0.9540,"Considering that the BlueSmacking attack pattern (CAPEC-666) exploits the CWE-404 weakness, how does this same category of software flaw manifest in CVE-2001-0830 to cause a denial of service?","Considering that the BlueSmacking attack pattern exploits the CWE-404 weakness, how does this same underlying software flaw manifest in CVE-2001-0830 to result in a denial of service?"
1422,1747,0.9567,"Which medium-severity vulnerability in the 6tunnel software shares the same underlying CWE-404 weakness exploited by the BlueSmacking attack, specifically through the mismanagement of network communication endpoints?","Which medium-severity vulnerability in 6tunnel version 0.08 is classified as an instance of the same underlying software weakness exploited by the BLUESMACKING attack pattern?"
1422,1758,0.9582,"Which medium-severity vulnerability in the 6tunnel software shares the same underlying CWE-404 weakness exploited by the BlueSmacking attack, specifically through the mismanagement of network communication endpoints?","Which medium-severity vulnerability in 6tunnel version 0.08 shares the same underlying CWE-404 weakness exploited by the BLUESMACKING attack pattern to achieve a Denial of Service (DoS)?"
1422,1786,0.9552,"Which medium-severity vulnerability in the 6tunnel software shares the same underlying CWE-404 weakness exploited by the BlueSmacking attack, specifically through the mismanagement of network communication endpoints?","Which medium-severity vulnerability in 6tunnel version 0.08 shares the same underlying CWE-404 weakness as the BlueSmacking attack, and what specific resource does it fail to release during repeated connection cycles?"
1431,1451,0.9547,"By exploiting the CWE-404 weakness through the transmission of oversized L2CAP packets, what intermediate state does a BLUESMACKING attack induce to achieve a Denial of Service (DoS) impact?","By exploiting the specific software weakness identified as CWE-404, how does an attacker utilizing the BlueSmacking pattern achieve a Denial of Service (DoS) impact?"
1457,1460,0.9524,"When an adversary executes a BlueSmacking attack by flooding a target with oversized L2CAP packets, what specific CWE-identified weakness is being leveraged, and what is the resulting impact on the system's operational state?","When an adversary executes a BLUESMACKING attack by flooding a target with oversized L2CAP packets, what underlying CWE-identified weakness are they exploiting, and how does this lead to a compromise of system availability?"
1470,1472,0.9516,"Which industry-standard weakness identifier is exploited by the BlueSmacking attack pattern, and how is this vulnerability exemplified in the DECODEFILE function's handling of resources initialized by FOPEN?","Which industry-standard weakness identifier is exploited by the BlueSmacking attack pattern, and how does the 'decodeFile' function demonstrate the core failure of this weakness when utilizing the 'fopen' library call?"
1504,1509,0.9533,"When an adversary leverages a Linux-based platform to execute the CAPEC-666 attack pattern against a Bluetooth-enabled device, which specific MITRE ATT&CK technique is being utilized to achieve the objective of resource exhaustion?","If an adversary utilizes a Linux machine to execute CAPEC-666 by flooding a target with oversized L2CAP packets, which specific MITRE ATT&CK technique is being leveraged to achieve the objective of resource exhaustion?"
1541,1543,0.9718,"While BlueSmacking achieves its objective through L2CAP packet flooding, CVE-2001-0830 results in the same security impact by exploiting which specific network communication endpoints through a pattern of repeated connection and disconnection?","While BlueSmacking achieves its objective through L2CAP packet flooding, CVE-2001-0830 achieves the same security impact through the mismanagement of which network communication endpoints?"
1604,1628,0.9525,"An adversary utilizes oversized L2CAP packets to conduct a BLUESMACKING attack. Which defensive mitigation, identified as M1037, is recommended to counter this specific flooding technique while also serving to limit the tactical progression of the threat actor through the network?","An adversary executing a BlueSmacking attack utilizes oversized L2CAP packets to achieve a specific security impact; what mitigation strategy, typically employed to restrict lateral adversary movement, is recommended to counter the Direct Network Flood technique that produces this same impact?"
1715,1725,0.9593,"When an adversary executes a BlueSmacking attack to flood a device with oversized L2CAP packets, which security principle is primarily compromised, and what specific software weakness category is associated with the resulting resource exhaustion on the target system?","An adversary utilizes the BlueSmacking attack pattern to flood a target with oversized L2CAP packets. Based on the primary security scope compromised by the resulting Direct Network Flood, which specific software weakness category is associated with the exhaustion of resources?"
1729,1731,0.9849,"CVE-2001-0830 is a vulnerability in 6tunnel characterized by improper socket closure. Which Bluetooth-based attack pattern exploits the same underlying CWE category to achieve a Denial of Service (DoS) via L2CAP packet flooding?","CVE-2001-0830 is a vulnerability in 6tunnel that results in resource exhaustion due to improper socket handling. Which Bluetooth-based attack pattern exploits the same underlying CWE category to achieve a Denial of Service (DoS) by flooding targets with oversized L2CAP packets?"
1741,1879,0.9647,"Which Bluetooth-based attack pattern, categorized as CAPEC-666, exploits the same CWE-404 weakness found in CVE-2001-0830 to achieve a Denial of Service (DoS)?","Which Bluetooth-specific attack pattern, identified as CAPEC-666, targets the same underlying software weakness (CWE-404) that characterizes the resource exhaustion vulnerability in CVE-2001-0830?"
1763,1843,0.9676,"The BlueSmacking attack pattern (CAPEC-666) exploits a specific software weakness related to resource management; which medium-severity CVE instance of this same weakness involves the failure to properly terminate network sockets on a server running 6tunnel?","Considering that the BlueSmacking attack pattern (CAPEC-666) exploits a specific software weakness to cause resource exhaustion, which CVE represents a medium-severity instance of this same weakness that results in a Denial of Service (DoS) through improper socket management in 6tunnel?"
1770,1865,0.9586,"The BlueSmacking attack pattern is known to exploit the CWE-404 weakness; how does this same class of vulnerability specifically affect system availability in the context of CVE-2001-0830?","Given that the BLUESMACKING attack pattern exploits the CWE-404 weakness, which specific CVE associated with 6tunnel version 0.08 is an instance of this same weakness, and what is the resulting impact on system availability?"
1790,1850,0.9505,"Given that the BlueSmacking attack pattern exploits CWE-404, what specific technical failure in CVE-2001-0830—a vulnerability categorized under the same CWE—results in the depletion of system resources?","Which specific CVE, characterized by the exhaustion of system resources through improper socket management, shares the same underlying CWE weakness as the BlueSmacking attack pattern?"
1837,1851,0.9574,"An adversary uses a client to repeatedly connect and disconnect from a 6tunnel server to cause resource exhaustion. Which specific CVE is being exploited, and what is the common CWE weakness it shares with the BlueSmacking attack pattern?","If an adversary utilizes repeated connection and disconnection cycles to exploit a vulnerability in 6tunnel version 0.08, which specific CVE are they targeting, and what is the common CWE weakness it shares with the BlueSmacking attack?"
1841,1845,0.9535,"Which common software weakness links the 6tunnel vulnerability exploited via repeated connection cycles to the BlueSmacking attack pattern?","Which common software weakness connects the 6tunnel vulnerability (CVE-2001-0830), characterized by improper socket closure during rapid connection cycles, to the BlueSmacking attack pattern?"
1849,1882,0.9560,"Which specific vulnerability in the 6tunnel service shares the same underlying software weakness as the BlueSmacking attack pattern, and how does an attacker exploit this commonality to impact system availability?","Which specific vulnerability in 6tunnel version 0.08 is categorized under the same software weakness exploited by the BlueSmacking attack, and how does its exploitation affect system availability?"
1860,1878,0.9616,"The BlueSmacking attack pattern exploits a specific software weakness to achieve a Denial of Service. What is the formal designation of this weakness, and which vulnerability in 6tunnel version 0.08 serves as a documented instance of this same underlying flaw?","The BLUESMACKING attack pattern exploits a specific software weakness to achieve a Denial of Service (DoS) state. What is the formal name of this weakness category, and which specific vulnerability in 6tunnel version 0.08 is classified as an instance of this same weakness?"
